Date,Value
6/21/06,111.405266
6/22/06,112.290833
6/23/06,112.323044
6/26/06,111.968796
6/27/06,112.934891
6/28/06,112.355232
6/29/06,109.891724
6/30/06,110.052727
7/3/06,109.408691
7/5/06,110.213745
7/6/06,110.052727
7/7/06,110.84169
7/10/06,110.728981
7/11/06,110.181549
7/12/06,111.501869
7/13/06,112.999298
7/14/06,113.48233
7/17/06,113.83654
7/18/06,113.514549
7/19/06,111.51796
7/20/06,112.612862
7/21/06,113.337402
7/24/06,111.485779
7/25/06,110.922211
7/26/06,110.761215
7/27/06,111.421349
7/28/06,110.149361
7/31/06,110.165436
8/1/06,110.890015
8/2/06,110.213745
8/3/06,109.972244
8/4/06,110.197647
8/7/06,110.519669
8/8/06,111.002716
8/9/06,111.38916
8/10/06,111.018814
8/11/06,111.405266
8/14/06,111.179832
8/15/06,109.923935
8/16/06,108.973946
8/17/06,108.780739
8/18/06,108.523109
8/21/06,108.861244
8/22/06,108.861244
8/23/06,109.489189
8/24/06,109.167183
8/25/06,109.199387
8/28/06,108.684135
8/29/06,108.53923
8/30/06,108.53923
8/31/06,108.507011
9/1/06,108.040062
9/5/06,107.943459
9/6/06,109.070549
9/7/06,109.650215
9/8/06,109.18325
9/11/06,109.263763
9/12/06,108.056168
9/13/06,107.605331
9/14/06,107.879059
9/15/06,107.685844
9/18/06,107.524826
9/19/06,107.734146
9/20/06,107.202805
9/21/06,107.750252
9/22/06,108.168884
9/25/06,107.235001
9/26/06,106.397743
9/27/06,106.462143
9/28/06,106.381638
9/29/06,106.60704
10/2/06,107.106186
10/3/06,106.86467
10/4/06,105.560471
10/5/06,105.351143
10/6/06,105.54438
10/9/06,105.592667
10/10/06,105.463852
10/11/06,105.737587
10/12/06,104.787613
10/13/06,104.546082
10/16/06,104.385063
10/17/06,104.7715
10/18/06,104.707085
10/19/06,104.642693
10/20/06,104.529984
10/23/06,104.01474
10/24/06,103.982529
10/25/06,103.61219
10/26/06,103.129158
10/27/06,103.853714
10/30/06,104.01474
10/31/06,104.159653
11/1/06,104.900307
11/2/06,105.061333
11/3/06,105.109634
11/6/06,104.111343
11/7/06,103.789322
11/8/06,103.628304
11/9/06,104.143547
11/10/06,103.982529
11/13/06,103.74102
11/14/06,103.096947
11/15/06,102.774925
11/16/06,102.63002
11/17/06,102.710533
11/20/06,102.758835
11/21/06,102.581703
11/22/06,102.27578
11/24/06,102.726624
11/27/06,104.28846
11/28/06,103.805412
11/29/06,102.855423
11/30/06,102.517296
12/1/06,103.257957
12/4/06,102.243599
12/5/06,101.776649
12/6/06,101.98597
12/7/06,102.307991
12/8/06,102.307991
12/11/06,102.179184
12/12/06,102.356293
12/13/06,102.082581
12/14/06,101.277519
12/15/06,101.068192
12/18/06,101.486816
12/19/06,101.3097
12/20/06,101.521317
12/21/06,101.882195
12/22/06,102.357887
12/26/06,102.013405
12/27/06,101.258865
12/28/06,101.554115
12/29/06,102.193855
1/3/07,102.374298
1/4/07,101.997017
1/5/07,102.850006
1/8/07,102.65316
1/9/07,102.669556
1/10/07,102.571136
1/11/07,101.915009
1/12/07,101.373672
1/16/07,101.455704
1/17/07,101.439285
1/18/07,101.980614
1/19/07,101.882195
1/22/07,102.4235
1/23/07,102.325089
1/24/07,101.390091
1/25/07,102.472717
1/26/07,102.620346
1/29/07,102.751572
1/30/07,102.144653
1/31/07,101.570518
2/1/07,100.930786
2/2/07,100.815964
2/5/07,100.865173
2/6/07,100.897972
2/7/07,100.815964
2/8/07,100.832367
2/9/07,101.60334
2/12/07,101.964211
2/13/07,101.258865
2/14/07,100.520691
2/15/07,100.43866
2/16/07,100.55349
2/20/07,100.340263
2/21/07,100.455101
2/22/07,100.602722
2/23/07,100.9636
2/26/07,101.160431
2/27/07,105.097282
2/28/07,104.326317
3/1/07,104.457542
3/2/07,105.91745
3/5/07,106.868851
3/6/07,105.146477
3/7/07,105.228508
3/8/07,104.621574
3/9/07,104.506744
3/12/07,104.408333
3/13/07,106.589996
3/14/07,105.474556
3/15/07,105.425339
3/16/07,105.933853
3/19/07,104.720001
3/20/07,104.11306
3/21/07,102.407104
3/22/07,102.259468
3/23/07,102.243065
3/26/07,102.341484
3/27/07,102.906502
3/28/07,103.418633
3/29/07,103.43515
3/30/07,103.765572
4/2/07,103.4021
4/3/07,102.410881
4/4/07,102.295227
4/5/07,101.931778
4/9/07,102.014381
4/10/07,101.766571
4/11/07,102.427399
4/12/07,101.8657
4/13/07,101.568336
4/16/07,100.643173
4/17/07,100.362328
4/18/07,100.296249
4/19/07,100.378845
4/20/07,99.519775
4/23/07,99.899757
4/24/07,99.9328
4/25/07,98.925041
4/26/07,98.710274
4/27/07,99.106773
4/30/07,99.94931
5/1/07,99.701515
5/2/07,99.156326
5/3/07,98.710274
5/4/07,98.445946
5/7/07,98.379868
5/8/07,98.445946
5/9/07,98.11554
5/10/07,99.404137
5/11/07,98.379868
5/14/07,98.842453
5/15/07,98.858955
5/16/07,98.049454
5/17/07,98.165092
5/18/07,97.537315
5/21/07,97.603401
5/22/07,97.636436
5/23/07,97.768608
5/24/07,98.710274
5/25/07,98.148567
5/29/07,98.016411
5/30/07,97.388634
5/31/07,97.388634
6/1/07,96.942581
6/4/07,96.810417
6/5/07,97.339073
6/6/07,98.478981
6/7/07,100.114517
6/8/07,99.007645
6/11/07,98.891998
6/12/07,99.9328
6/13/07,98.36335
6/14/07,98.065971
6/15/07,97.421669
6/18/07,97.586876
6/19/07,97.355583
6/20/07,98.726791
6/21/07,98.148567
6/22/07,99.189369
6/25/07,99.73455
6/26/07,100.562706
6/27/07,99.262978
6/28/07,99.462936
6/29/07,99.546249
7/2/07,98.679764
7/3/07,98.196526
7/5/07,98.229858
7/6/07,97.946579
7/9/07,97.796608
7/10/07,99.246323
7/11/07,98.613106
7/12/07,97.146744
7/13/07,96.663521
7/16/07,96.846809
7/17/07,96.763496
7/18/07,97.046768
7/19/07,96.963448
7/20/07,97.979904
7/23/07,97.496674
7/24/07,99.396294
7/25/07,99.063026
7/26/07,101.645821
7/27/07,103.628754
7/30/07,102.062408
7/31/07,103.428795
8/1/07,102.695618
8/2/07,101.879105
8/3/07,104.711868
8/6/07,102.978889
8/7/07,102.062408
8/8/07,100.312767
8/9/07,103.295486
8/10/07,104.028671
8/13/07,103.478775
8/14/07,105.061798
8/15/07,106.678116
8/16/07,106.311531
8/17/07,104.062004
8/20/07,103.978691
8/21/07,104.111984
8/22/07,102.862236
8/23/07,102.962219
8/24/07,101.612495
8/27/07,102.478989
8/28/07,104.811844
8/29/07,102.678947
8/30/07,103.045532
8/31/07,102.229034
9/4/07,101.062607
9/5/07,102.229034
9/6/07,102.029083
9/7/07,103.345482
9/10/07,103.795395
9/11/07,102.478989
9/12/07,102.412338
9/13/07,101.562515
9/14/07,101.529182
9/17/07,102.129059
9/18/07,99.196327
9/19/07,98.579788
9/20/07,99.146339
9/21/07,98.779739
9/24/07,99.396294
9/25/07,99.382774
9/26/07,98.90992
9/27/07,98.453957
9/28/07,98.774834
10/1/07,97.609589
10/2/07,97.643364
10/3/07,98.116219
10/4/07,97.964218
10/5/07,97.052307
10/8/07,97.373177
10/9/07,96.528793
10/10/07,96.934097
10/11/07,97.271843
10/12/07,96.815895
10/15/07,97.862907
10/16/07,98.453957
10/17/07,98.200653
10/18/07,98.301979
10/19/07,100.919533
10/22/07,100.683105
10/23/07,99.636093
10/24/07,99.940056
10/25/07,100.058281
10/26/07,98.90992
10/29/07,98.403305
10/30/07,99.028137
10/31/07,97.930458
11/1/07,101.037758
11/2/07,100.514236
11/5/07,101.020866
11/6/07,100.007614
11/7/07,102.321198
11/8/07,102.692734
11/9/07,104.44902
11/12/07,105.631149
11/13/07,102.642052
11/14/07,102.996696
11/15/07,104.364578
11/16/07,103.689087
11/19/07,105.732475
11/20/07,105.208946
11/21/07,107.573204
11/23/07,105.546707
11/26/07,107.742073
11/27/07,106.205322
11/28/07,103.300674
11/29/07,103.098022
11/30/07,102.270538
12/3/07,102.912254
12/4/07,103.689087
12/5/07,102.017227
12/6/07,100.683105
12/7/07,101.071526
12/10/07,100.142715
12/11/07,102.338089
12/12/07,102.000343
12/13/07,101.797691
12/14/07,103.351341
12/17/07,104.938751
12/18/07,104.246368
12/19/07,104.432129
12/20/07,103.535667
12/21/07,102.052948
12/24/07,101.865463
12/26/07,101.354187
12/27/07,102.223358
12/28/07,102.768745
12/31/07,103.569763
1/2/08,104.813896
1/3/08,105.035454
1/4/08,107.489624
1/7/08,107.302155
1/8/08,109.193916
1/9/08,107.711182
1/10/08,107.114685
1/11/08,108.563339
1/14/08,107.370331
1/15/08,109.943817
1/16/08,110.710739
1/17/08,113.676208
1/18/08,114.783981
1/22/08,116.658707
1/23/08,113.642113
1/24/08,112.858147
1/25/08,113.33535
1/28/08,112.738853
1/29/08,112.057121
1/30/08,113.164917
1/31/08,111.204979
2/1/08,109.210968
2/4/08,110.438049
2/5/08,113.130844
2/6/08,114.596519
2/7/08,113.471703
2/8/08,114.204521
2/11/08,113.33535
2/12/08,112.78997
2/13/08,111.153847
2/14/08,112.142357
2/15/08,112.517296
2/19/08,112.312767
2/20/08,111.76741
2/21/08,112.994492
2/22/08,111.801483
2/25/08,110.438049
2/26/08,110.011978
2/27/08,110.114235
2/28/08,111.204979
2/29/08,113.505775
3/3/08,114.13636
3/4/08,114.017059
3/5/08,114.017059
3/6/08,115.891769
3/7/08,117.459717
3/10/08,119.095848
3/11/08,114.374954
3/12/08,115.653191
3/13/08,115.210068
3/14/08,117.817612
3/17/08,118.584557
3/18/08,113.573936
3/19/08,116.743942
3/20/08,114.357903
3/24/08,111.954887
3/25/08,112.066071
3/26/08,113.605919
3/27/08,114.033661
3/28/08,114.632484
3/31/08,114.546928
4/1/08,110.218262
4/2/08,110.355148
4/3/08,109.978745
4/4/08,110.04718
4/7/08,110.064285
4/8/08,110.457802
4/9/08,111.313263
4/10/08,111.005295
4/11/08,113.0242
4/14/08,113.588806
4/15/08,113.195305
4/16/08,110.218262
4/17/08,109.876091
4/18/08,108.695541
4/21/08,108.729767
4/22/08,109.174599
4/23/08,109.431236
4/24/08,108.952179
4/25/08,107.959846
4/28/08,108.113823
4/29/08,108.404678
4/30/08,108.815308
5/1/08,106.864838
5/2/08,106.642426
5/5/08,106.984604
5/6/08,106.180473
5/7/08,108.370461
5/8/08,108.199371
5/9/08,108.55867
5/12/08,107.258362
5/13/08,107.361023
5/14/08,107.001717
5/15/08,105.821175
5/16/08,105.923828
5/19/08,105.444778
5/20/08,106.334465
5/21/08,108.216476
5/22/08,108.473122
5/23/08,109.653656
5/27/08,108.763977
5/28/08,108.438911
5/29/08,107.805855
5/30/08,107.822975
6/2/08,108.866638
6/3/08,109.448364
6/4/08,109.49968
6/5/08,107.275467
6/6/08,110.851318
6/9/08,110.49202
6/10/08,110.919762
6/11/08,112.613571
6/12/08,112.4767
6/13/08,110.697327
6/16/08,110.73156
6/17/08,111.398819
6/18/08,112.579369
6/19/08,112.288498
6/20/08,114.221855
6/23/08,114.238953
6/24/08,114.565025
6/25/08,113.912903
6/26/08,117.276405
6/27/08,117.568146
6/30/08,117.60247
7/1/08,117.207771
7/2/08,119.043976
7/3/08,119.335701
7/7/08,120.468315
7/8/08,118.237411
7/9/08,120.67424
7/10/08,119.88485
7/11/08,121.480804
7/14/08,122.47612
7/15/08,123.831818
7/16/08,120.983131
7/17/08,120.05645
7/18/08,119.301384
7/21/08,119.249901
7/22/08,117.688278
7/23/08,117.156281
7/24/08,119.833366
7/25/08,119.867683
7/28/08,121.635231
7/29/08,118.803726
7/30/08,116.89888
7/31/08,118.511978
8/1/08,118.889519
8/4/08,120.142273
8/5/08,116.864563
8/6/08,116.487022
8/7/08,118.151619
8/8/08,115.731949
8/11/08,114.891075
8/12/08,115.834915
8/13/08,116.349747
8/14/08,115.217117
8/15/08,115.165642
8/18/08,117.036156
8/19/08,117.894196
8/20/08,117.465179
8/21/08,117.25927
8/22/08,116.178123
8/25/08,118.271736
8/26/08,117.756927
8/27/08,116.98468
8/28/08,115.302933
8/29/08,116.69294
9/2/08,117.276405
9/3/08,117.345047
9/4/08,120.983131
9/5/08,120.605591
9/8/08,117.997169
9/9/08,121.738205
9/10/08,121.189056
9/11/08,119.524467
9/12/08,118.614952
9/15/08,124.329468
9/16/08,122.441795
9/17/08,128.190643
9/18/08,123.900452
9/19/08,118.443344
9/22/08,122.18438
9/23/08,124.586876
9/24/08,124.003685
9/25/08,121.52636
9/26/08,121.543564
9/29/08,131.607697
9/30/08,125.758446
10/1/08,126.274559
10/2/08,129.543259
10/3/08,132.467865
10/6/08,137.973007
10/7/08,145.542603
10/8/08,147.933899
10/9/08,157.757172
10/10/08,158.2733
10/13/08,141.155701
10/14/08,142.617996
10/15/08,156.036804
10/16/08,149.671478
10/17/08,150.187592
10/20/08,142.790039
10/21/08,147.607056
10/22/08,156.724945
10/23/08,153.972382
10/24/08,160.681793
10/27/08,165.49881
10/28/08,147.262955
10/29/08,148.725281
10/30/08,144.83728
10/31/08,142.962067
11/3/08,143.048096
11/4/08,137.112839
11/5/08,144.510376
11/6/08,151.391846
11/7/08,147.228577
11/10/08,148.983337
11/11/08,152.424042
11/12/08,160.148468
11/13/08,148.467224
11/14/08,155.245438
11/17/08,159.305511
11/18/08,157.877594
11/19/08,166.995514
11/20/08,178.281097
11/21/08,167.012726
11/24/08,158.256073
11/25/08,155.348679
11/26/08,150.032745
11/28/08,148.398407
12/1/08,161.989273
12/2/08,155.176636
12/3/08,150.514465
12/4/08,155.228256
12/5/08,149.774689
12/8/08,144.441574
12/9/08,147.176956
12/10/08,145.697449
12/11/08,149.379013
12/12/08,148.484436
12/15/08,150.221985
12/16/08,142.75563
12/17/08,144.028687
12/18/08,147.039322
12/19/08,147.228577
12/22/08,149.172577
12/23/08,150.915283
12/24/08,150.096832
12/26/08,149.278366
12/29/08,149.937134
12/30/08,146.483643
12/31/08,143.768753
1/2/09,139.656525
1/5/09,139.896072
1/6/09,138.937881
1/7/09,143.070084
1/8/09,142.571014
1/9/09,145.645233
1/12/09,149.098709
1/13/09,148.839203
1/14/09,153.869705
1/15/09,152.811722
1/16/09,152.152954
1/20/09,160.277618
1/21/09,153.091187
1/22/09,155.267059
1/23/09,154.867828
1/26/09,153.829788
1/27/09,152.172928
1/28/09,147.222244
1/29/09,151.773651
1/30/09,155.007568
2/2/09,155.586472
2/3/09,153.270844
2/4/09,154.049362
2/5/09,151.753693
2/6/09,147.401901
2/9/09,147.062546
2/10/09,153.94957
2/11/09,152.891556
2/12/09,152.851624
2/13/09,154.348801
2/17/09,161.195892
2/18/09,161.375549
2/19/09,163.072357
2/20/09,164.849014
2/23/09,170.598145
2/24/09,164.030548
2/25/09,165.587601
2/26/09,168.102859
2/27/09,171.576309
3/2/09,179.68103
3/3/09,181.098343
3/4/09,176.606812
3/5/09,183.653519
3/6/09,183.853134
3/9/09,185.92923
3/10/09,174.550705
3/11/09,173.572525
3/12/09,166.565765
3/13/09,165.148438
3/16/09,165.487808
3/17/09,160.597
3/18/09,157.163498
3/19/09,159.199646
3/20/09,162.493439
3/23/09,150.615845
3/24/09,153.510391
3/25/09,152.35257
3/26/09,148.919037
3/27/09,151.653885
3/30/09,157.06369
3/31/09,156.205307
4/1/09,152.592117
4/2/09,148.100601
4/3/09,146.483643
4/6/09,147.581573
4/7/09,151.094955
4/8/09,149.358215
4/9/09,143.529221
4/13/09,143.509262
4/14/09,146.004547
4/15/09,144.427521
4/16/09,142.2117
4/17/09,141.373276
4/20/09,147.022629
4/21/09,144.307755
4/22/09,145.226013
4/23/09,143.88855
4/24/09,141.632782
4/27/09,142.890427
4/28/09,143.209808
4/29/09,140.315292
4/30/09,140.215469
5/1/09,139.37706
5/4/09,134.546173
5/5/09,135.065201
5/6/09,132.769516
5/7/09,134.506241
5/8/09,131.312271
5/11/09,133.927338
5/12/09,134.126968
5/13/09,137.50058
5/14/09,136.80191
5/15/09,137.720184
5/18/09,133.587967
5/19/09,133.787598
5/20/09,134.785706
5/21/09,136.622253
5/22/09,136.841843
5/26/09,133.468216
5/27/09,135.90361
5/28/09,133.867447
5/29/09,131.39212
6/1/09,128.377792
6/2/09,128.178177
6/3/09,129.65538
6/4/09,128.577423
6/5/09,128.497589
6/8/09,129.116409
6/9/09,128.437683
6/10/09,128.89682
6/11/09,128.158218
6/12/09,127.719048
6/15/09,130.932983
6/16/09,132.569901
6/17/09,132.549942
6/18/09,131.691544
6/19/09,131.771408
6/22/09,135.304733
6/23/09,134.985336
6/24/09,133.787598
6/25/09,131.032791
6/26/09,131.372147
6/29/09,130.074615
6/30/09,131.172531
7/1/09,130.593613
7/2/09,134.166885
7/6/09,133.907364
7/7/09,136.66217
7/8/09,136.821869
7/9/09,136.502472
7/10/09,136.861786
7/13/09,133.54805
7/14/09,132.689667
7/15/09,128.797012
7/16/09,127.519424
7/17/09,127.499458
7/20/09,126.201912
7/21/09,125.603035
7/22/09,125.802658
7/23/09,122.908127
7/24/09,122.289284
7/27/09,121.92997
7/28/09,122.289284
7/29/09,122.788345
7/30/09,121.510757
7/31/09,121.351067
8/3/09,119.374786
8/4/09,118.995506
8/5/09,119.354828
8/6/09,119.993622
8/7/09,118.436562
8/10/09,118.676109
8/11/09,120.233162
8/12/09,118.875732
8/13/09,117.917534
8/14/09,118.815849
8/17/09,121.890045
8/18/09,120.692299
8/19/09,119.734116
8/20/09,118.436562
8/21/09,116.260666
8/24/09,116.140884
8/25/09,115.961235
8/26/09,115.921303
8/27/09,115.601906
8/28/09,115.78157
8/31/09,116.699837
9/1/09,119.434677
9/2/09,119.774033
9/3/09,118.855766
9/4/09,117.119041
9/8/09,116.061043
9/9/09,115.082886
9/10/09,113.905113
9/11/09,113.945038
9/14/09,113.366127
9/15/09,112.887032
9/16/09,111.150307
9/17/09,111.329971
9/18/09,111.250114
9/21/09,111.569511
9/22/09,110.890793
9/23/09,111.789101
9/24/09,113.106621
9/25/09,113.645599
9/28/09,111.709251
9/29/09,111.968765
9/30/09,112.328087
10/1/09,115.26255
10/2/09,115.78157
10/5/09,114.044846
10/6/09,112.348045
10/7/09,111.988716
10/8/09,111.21019
10/9/09,110.511513
10/12/09,109.952568
10/13/09,110.192116
10/14/09,108.295692
10/15/09,108.01622
10/16/09,108.674973
10/19/09,107.776672
10/20/09,108.375542
10/21/09,109.413582
10/22/09,108.315643
10/23/09,109.473473
10/26/09,110.790985
10/27/09,111.230156
10/28/09,113.326202
10/29/09,110.970642
10/30/09,114.004921
11/2/09,113.246353
11/3/09,112.827141
11/4/09,112.687401
11/5/09,110.491547
11/6/09,110.17215
11/9/09,107.597015
11/10/09,107.616966
11/11/09,107.058029
11/12/09,108.215836
11/13/09,107.616966
11/16/09,106.000015
11/17/09,105.880249
11/18/09,105.920174
11/19/09,107.317535
11/20/09,107.676849
11/23/09,106.219604
11/24/09,106.199646
11/25/09,105.820358
11/27/09,107.537117
11/30/09,107.137871
12/1/09,105.860283
12/2/09,105.760475
12/3/09,106.658775
12/4/09,106.059906
12/7/09,106.279495
12/8/09,107.397377
12/9/09,106.978172
12/10/09,106.379303
12/11/09,105.860283
12/14/09,105.181564
12/15/09,105.700592
12/16/09,105.560852
12/17/09,106.778557
12/18/09,106.159721
12/21/09,105.061798
12/22/09,104.742401
12/23/09,104.462929
12/24/09,103.884018
12/28/09,103.724319
12/29/09,103.844086
12/30/09,103.943901
12/31/09,104.922058
1/4/10,103.205292
1/5/10,102.865929
1/6/10,102.885895
1/7/10,102.366875
1/8/10,102.047478
1/11/10,101.927711
1/12/10,102.865929
1/13/10,101.987595
1/14/10,101.708122
1/15/10,102.826004
1/19/10,101.56839
1/20/10,102.586464
1/21/10,104.562737
1/22/10,106.818474
1/25/10,106.339378
1/26/10,106.798515
1/27/10,106.279495
1/28/10,107.477234
1/29/10,108.655014
2/1/10,106.998138
2/2/10,105.660667
2/3/10,106.159721
2/4/10,109.413582
2/5/10,109.134102
2/8/10,110.032417
2/9/10,108.635048
2/10/10,108.814705
2/11/10,107.716782
2/12/10,107.816597
2/16/10,106.079872
2/17/10,105.580811
2/18/10,104.922058
2/19/10,104.662544
2/22/10,104.662544
2/23/10,105.940132
2/24/10,104.981941
2/25/10,105.121681
2/26/10,105.101723
3/1/10,103.963867
3/2/10,103.684387
3/3/10,103.564621
3/4/10,103.205292
3/5/10,101.688148
3/8/10,101.688148
3/9/10,101.508492
3/10/10,101.049355
3/11/10,100.690041
3/12/10,100.650116
3/15/10,100.63015
3/16/10,99.771774
3/17/10,99.172905
3/18/10,99.252754
3/19/10,99.79174
3/22/10,99.312637
3/23/10,98.47422
3/24/10,98.973282
3/25/10,99.152931
3/26/10,99.113014
3/29/10,98.574036
3/30/10,98.494186
3/31/10,98.833534
4/1/10,98.154823
4/5/10,97.316399
4/6/10,97.096817
4/7/10,97.655762
4/8/10,97.296448
4/9/10,96.657646
4/12/10,96.477989
4/13/10,96.438065
4/14/10,95.340126
4/15/10,95.240318
4/16/10,96.757462
4/19/10,96.438065
4/20/10,95.559715
4/21/10,95.699448
4/22/10,95.459908
4/23/10,94.801155
4/26/10,95.140511
4/27/10,97.396255
4/28/10,96.737495
4/29/10,95.479866
4/30/10,97.096817
5/3/10,95.759338
5/4/10,98.055008
5/5/10,98.653877
5/6/10,101.927711
5/7/10,103.624496
5/10/10,98.853508
5/11/10,99.192863
5/12/10,97.795509
5/13/10,98.973282
5/14/10,100.789856
5/17/10,100.650116
5/18/10,102.047478
5/19/10,102.686272
5/20/10,106.618851
5/21/10,105.041824
5/24/10,106.319412
5/25/10,106.239571
5/26/10,106.918289
5/27/10,103.265182
5/28/10,104.502838
6/1/10,106.379303
6/2/10,103.604546
6/3/10,103.145401
6/4/10,106.858398
6/7/10,108.215836
6/8/10,107.097954
6/9/10,107.577042
6/10/10,104.383072
6/11/10,103.864052
6/14/10,104.02375
6/15/10,101.688148
6/16/10,101.668198
6/17/10,101.548416
6/18/10,101.42865
6/21/10,101.728081
6/22/10,103.36499
6/23/10,103.704353
6/24/10,105.421112
6/25/10,104.961983
6/28/10,105.34127
6/29/10,108.595123
6/30/10,109.812828
7/1/10,110.0923
7/2/10,110.671211
7/6/10,109.972527
7/7/10,106.519043
7/8/10,105.421112
7/9/10,104.702469
7/12/10,104.542763
7/13/10,103.005669
7/14/10,103.005669
7/15/10,102.905861
7/16/10,105.840324
7/19/10,105.20153
7/20/10,104.063675
7/21/10,105.321297
7/22/10,102.965752
7/23/10,102.087402
7/26/10,100.929588
7/27/10,100.989471
7/28/10,101.668198
7/29/10,102.147285
7/30/10,102.127327
8/2/10,99.79174
8/3/10,100.270836
8/4/10,99.612076
8/5/10,99.811699
8/6/10,100.131088
8/9/10,99.59211
8/10/10,100.151054
8/11/10,102.885895
8/12/10,103.564621
8/13/10,103.884018
8/16/10,103.903969
8/17/10,102.626389
8/18/10,102.426765
8/19/10,104.24334
8/20/10,104.582695
8/23/10,104.942017
8/24/10,106.45916
8/25/10,106.099838
8/26/10,106.818474
8/27/10,105.141632
8/30/10,106.618851
8/31/10,106.658775
9/1/10,103.464806
9/2/10,102.486656
9/3/10,101.109253
9/7/10,102.247101
9/8/10,101.588341
9/9/10,101.089279
9/10/10,100.550301
9/13/10,99.452377
9/14/10,99.492302
9/15/10,99.093048
9/16/10,99.152931
9/17/10,99.172905
9/20/10,97.535988
9/21/10,97.795509
9/22/10,98.254639
9/23/10,99.053123
9/24/10,97.016968
9/27/10,97.476105
9/28/10,96.997002
9/29/10,97.316399
9/30/10,97.615845
10/1/10,97.136742
10/4/10,97.875343
10/5/10,95.879112
10/6/10,95.899078
10/7/10,95.998894
10/8/10,95.479866
10/11/10,95.380051
10/12/10,95.020729
10/13/10,94.361977
10/14/10,94.681374
10/15/10,94.501717
10/18/10,94.102463
10/19/10,95.340126
10/20/10,94.322052
10/21/10,94.162354
10/22/10,93.922806
10/25/10,93.663292
10/26/10,93.623375
10/27/10,93.902847
10/28/10,93.842957
10/29/10,93.842957
11/1/10,93.763107
11/2/10,93.024498
11/3/10,92.645218
11/4/10,90.848602
11/5/10,90.469315
11/8/10,90.648979
11/9/10,91.327698
11/10/10,90.98835
11/11/10,91.287773
11/12/10,92.40567
11/15/10,92.525436
11/16/10,93.942772
11/17/10,93.902847
11/18/10,92.485519
11/19/10,92.285896
11/22/10,92.365746
11/23/10,93.703217
11/24/10,92.265938
11/26/10,93.264053
11/29/10,93.024498
11/30/10,93.603409
12/1/10,91.587219
12/2/10,90.369507
12/3/10,90.169884
12/6/10,90.289665
12/7/10,90.18985
12/8/10,89.870445
12/9/10,89.471207
12/10/10,88.952187
12/13/10,88.93222
12/14/10,88.852364
12/15/10,89.251617
12/16/10,88.752556
12/17/10,88.592865
12/20/10,88.433159
12/21/10,87.894173
12/22/10,87.574783
12/23/10,87.674591
12/27/10,87.6147
12/28/10,87.534859
12/29/10,87.455009
12/30/10,87.554817
12/31/10,87.514893
1/3/11,86.676476
1/4/11,86.7164
1/5/11,86.257263
1/6/11,86.416969
1/7/11,86.576668
1/10/11,86.676476
1/11/11,86.377045
1/12/11,85.578545
1/13/11,85.698326
1/14/11,85.119415
1/18/11,84.939751
1/19/11,85.778168
1/20/11,85.897942
1/21/11,85.718277
1/24/11,85.219223
1/25/11,85.239189
1/26/11,84.859901
1/27/11,84.620354
1/28/11,86.137497
1/31/11,85.478737
2/1/11,84.061409
2/2/11,84.241074
2/3/11,84.041451
2/4/11,83.781937
2/7/11,83.282883
2/8/11,82.863663
2/9/11,83.103218
2/10/11,83.063293
2/11/11,82.544266
2/14/11,82.34465
2/15/11,82.624123
2/16/11,82.085136
2/17/11,81.825638
2/18/11,81.68589
2/22/11,83.302841
2/23/11,83.801903
2/24/11,83.881752
2/25/11,82.963486
2/28/11,82.444458
3/1/11,83.821869
3/2/11,83.66217
3/3/11,82.204918
3/4/11,82.803787
3/7/11,83.46254
3/8/11,82.72393
3/9/11,82.843712
3/10/11,84.380806
3/11/11,83.781937
3/14/11,84.280998
3/15/11,85.259148
3/16/11,86.856133
3/17/11,85.718277
3/18/11,85.358955
3/21/11,84.061409
3/22/11,84.320923
3/23/11,84.101334
3/24/11,83.282883
3/25/11,83.023369
3/28/11,83.222992
3/29/11,82.644081
3/30/11,82.065178
3/31/11,82.184944
4/1/11,81.845589
4/4/11,81.785706
4/5/11,81.785706
4/6/11,81.546158
4/7/11,81.725815
4/8/11,82.005287
4/11/11,82.264801
4/12/11,82.903595
4/13/11,82.903595
4/14/11,82.803787
4/15/11,82.544266
4/18/11,83.442581
4/19/11,82.983444
4/20/11,81.785706
4/21/11,81.40641
4/25/11,81.486267
4/26/11,80.747665
4/27/11,80.248604
4/28/11,79.949165
4/29/11,79.809433
5/2/11,79.929207
5/3/11,80.208679
5/4/11,80.747665
5/5/11,81.426384
5/6/11,81.106987
5/9/11,80.767624
5/10/11,80.048981
5/11/11,80.907364
5/12/11,80.528076
5/13/11,81.16687
5/16/11,81.645973
5/17/11,81.68589
5/18/11,80.927322
5/19/11,80.727699
5/20/11,81.386459
5/23/11,82.304726
5/24/11,82.404533
5/25/11,82.105103
5/26/11,81.765739
5/27/11,81.426384
5/31/11,80.568001
6/1/11,82.384575
6/2/11,82.464424
6/3/11,83.302841
6/6/11,84.141266
6/7/11,84.221107
6/8/11,84.560471
6/9/11,83.941635
6/10/11,85.099457
6/13/11,84.999649
6/14/11,83.941635
6/15/11,85.418854
6/16/11,85.279121
6/17/11,84.959724
6/20/11,84.560471
6/21/11,83.342773
6/22/11,83.84182
6/23/11,84.081375
6/24/11,85.059532
6/27/11,84.340881
6/28/11,83.24295
6/29/11,82.504349
6/30/11,81.665932
7/1/11,80.488152
7/5/11,80.568001
7/6/11,80.468193
7/7/11,79.589844
7/8/11,80.148796
7/11/11,81.625999
7/12/11,81.96537
7/13/11,81.68589
7/14/11,82.244843
7/15/11,81.765739
7/18/11,82.444458
7/19/11,81.087021
7/20/11,81.126945
7/21/11,79.969131
7/22/11,79.949165
7/25/11,80.388336
7/26/11,80.707733
7/27/11,82.34465
7/28/11,82.604164
7/29/11,83.163109
8/1/11,83.502472
8/2/11,85.638435
8/3/11,85.15934
8/4/11,89.15181
8/5/11,89.371399
8/8/11,95.160461
8/9/11,90.589096
8/10/11,94.76123
8/11/11,90.369507
8/12/11,89.790604
8/15/11,87.854256
8/16/11,88.63279
8/17/11,88.55294
8/18/11,92.285896
8/19/11,93.82299
8/22/11,93.80304
8/23/11,90.70887
8/24/11,89.431282
8/25/11,90.788712
8/26/11,89.431282
8/29/11,86.876099
8/30/11,86.616592
8/31/11,86.257263
9/1/11,87.175529
9/2/11,89.431282
9/6/11,90.010185
9/7/11,87.494942
9/8/11,88.413208
9/9/11,90.748795
9/12/11,90.090034
9/13/11,89.331467
9/14/11,88.053879
9/15/11,86.536736
9/16/11,86.037682
9/19/11,86.856133
9/20/11,86.955956
9/21/11,89.571014
9/22/11,92.385704
9/23/11,91.866684
9/26/11,89.670822
9/27/11,88.652748
9/28/11,90.509247
9/29/11,89.770638
9/30/11,92.026382
10/3/11,94.62149
10/4/11,92.625252
10/5/11,90.748795
10/6/11,89.071953
10/7/11,89.750679
10/10/11,86.756325
10/11/11,86.636551
10/12/11,85.897942
10/13/11,86.097565
10/14/11,84.600395
10/17/11,86.177414
10/18/11,84.460663
10/19/11,85.478737
10/20/11,85.15934
10/21/11,83.522423
10/24/11,82.424507
10/25/11,84.021484
10/26/11,83.203033
10/27/11,80.308495
10/28/11,80.228638
10/31/11,82.244843
11/1/11,84.460663
11/2/11,83.163109
11/3/11,81.645973
11/4/11,82.125061
11/7/11,81.586075
11/8/11,80.528076
11/9/11,83.542389
11/10/11,82.763855
11/11/11,81.126945
11/14/11,81.925446
11/15/11,81.506241
11/16/11,82.823746
11/17/11,84.121292
11/18/11,84.221107
11/21/11,85.838058
11/22/11,86.217339
11/23/11,88.03392
11/25/11,88.253494
11/28/11,85.658401
11/29/11,85.39888
11/30/11,81.825638
12/1/11,81.865547
12/2/11,81.905472
12/5/11,81.067062
12/6/11,80.987206
12/7/11,80.727699
12/8/11,82.424507
12/9/11,81.067062
12/12/11,82.284767
12/13/11,83.043327
12/14/11,83.941635
12/15/11,83.622238
12/16/11,83.482506
12/19/11,84.360847
12/20/11,81.845589
12/21/11,81.665932
12/22/11,80.867432
12/23/11,80.228638
12/27/11,80.168755
12/28/11,81.126945
12/29/11,80.328453
12/30/11,80.667809
1/3/12,79.410179
1/4/12,79.310371
1/5/12,79.070831
1/6/12,79.250488
1/9/12,79.150673
1/10/12,78.432037
1/11/12,78.332222
1/12/12,78.172516
1/13/12,78.471962
1/17/12,78.272331
1/18/12,77.433914
1/19/12,77.014709
1/20/12,76.994743
1/23/12,76.934853
1/24/12,77.014709
1/25/12,76.355949
1/26/12,76.735229
1/27/12,76.755196
1/30/12,77.054626
1/31/12,77.114517
2/1/12,76.375908
2/2/12,76.256142
2/3/12,75.218094
2/6/12,75.218094
2/7/12,75.058388
2/8/12,74.818848
2/9/12,74.738998
2/10/12,75.238052
2/13/12,74.738998
2/14/12,74.778915
2/15/12,75.158211
2/16/12,74.339752
2/17/12,74.140129
2/21/12,74.06028
2/22/12,74.399635
2/23/12,73.980431
2/24/12,73.860649
2/27/12,73.700951
2/28/12,73.461411
2/29/12,73.900581
3/1/12,73.361603
3/2/12,73.561218
3/5/12,73.860649
3/6/12,74.978554
3/7/12,74.439568
3/8/12,73.700951
3/9/12,73.40152
3/12/12,73.381554
3/13/12,72.084007
3/14/12,72.12394
3/15/12,71.724686
3/16/12,71.584953
3/19/12,71.325432
3/20/12,71.545021
3/21/12,71.644829
3/22/12,72.163864
3/23/12,71.924301
3/26/12,70.926193
3/27/12,71.125816
3/28/12,71.505096
3/29/12,71.604904
3/30/12,71.385323
4/2/12,70.806419
4/3/12,71.085892
4/4/12,71.76461
4/5/12,71.804535
4/9/12,72.622993
4/10/12,73.840698
4/11/12,73.301712
4/12/12,72.263672
4/13/12,73.142014
4/16/12,73.221863
4/17/12,72.103966
4/18/12,72.323555
4/19/12,72.762733
4/20/12,72.662918
4/23/12,73.301712
4/24/12,72.982315
4/25/12,71.9842
4/26/12,71.485138
4/27/12,71.365364
4/30/12,71.684761
5/1/12,71.205666
5/2/12,71.385323
5/3/12,71.924301
5/4/12,73.08213
5/7/12,73.062157
5/8/12,73.321671
5/9/12,73.740883
5/10/12,73.621109
5/11/12,73.840698
5/14/12,74.639183
5/15/12,75.018478
5/16/12,75.377785
5/17/12,76.495682
5/18/12,77.074593
5/21/12,75.816963
5/22/12,75.737114
5/23/12,75.657272
5/24/12,75.537491
5/25/12,75.737114
5/29/12,74.758965
5/30/12,75.836929
5/31/12,76.076477
6/1/12,77.952927
6/4/12,77.952927
6/5/12,77.45388
6/6/12,75.677231
6/7/12,75.657272
6/8/12,75.038437
6/11/12,75.916771
6/12/12,75.138245
6/13/12,75.537491
6/14/12,74.778915
6/15/12,74.000389
6/18/12,73.840698
6/19/12,73.102081
6/20/12,73.221863
6/21/12,74.818848
6/22/12,74.339752
6/25/12,75.437683
6/26/12,75.138245
6/27/12,74.399635
6/28/12,74.659157
6/29/12,72.782684
7/2/12,72.563095
7/3/12,72.084007
7/5/12,72.36348
7/6/12,73.042206
7/9/12,73.161972
7/10/12,73.820732
7/11/12,73.820732
7/12/12,74.160095
7/13/12,72.942383
7/16/12,73.062157
7/17/12,72.543144
7/18/12,72.064041
7/19/12,71.864418
7/20/12,72.483261
7/23/12,73.221863
7/24/12,73.860649
7/25/12,73.860649
7/26/12,72.622993
7/27/12,71.265549
7/30/12,71.265549
7/31/12,71.70472
8/1/12,71.824493
8/2/12,72.28363
8/3/12,70.946152
8/6/12,70.746529
8/7/12,70.407166
8/8/12,70.307358
8/9/12,70.267433
8/10/12,70.107735
8/13/12,70.127701
8/14/12,70.127701
8/15/12,70.06781
8/16/12,69.54879
8/17/12,69.448982
8/20/12,69.429016
8/21/12,69.648598
8/22/12,69.628639
8/23/12,70.167625
8/24/12,69.708481
8/27/12,69.728455
8/28/12,69.788338
8/29/12,69.748413
8/30/12,70.267433
8/31/12,69.987961
9/4/12,70.007927
9/5/12,70.027885
9/6/12,68.630524
9/7/12,68.291161
9/10/12,68.710373
9/11/12,68.530716
9/12/12,68.311127
9/13/12,67.233154
9/14/12,66.913757
9/17/12,67.153313
9/18/12,67.233154
9/19/12,67.153313
9/20/12,67.193237
9/21/12,67.213196
9/24/12,67.273087
9/25/12,67.931839
9/26/12,68.390976
9/27/12,67.732216
9/28/12,68.031654
10/1/12,67.891914
10/2/12,67.832024
10/3/12,67.512627
10/4/12,67.033539
10/5/12,67.013573
10/8/12,67.213196
10/9/12,67.891914
10/10/12,68.351059
10/11/12,68.311127
10/12/12,68.530716
10/15/12,67.99173
10/16/12,67.233154
10/17/12,66.953682
10/18/12,67.11338
10/19/12,68.251236
10/22/12,68.231277
10/23/12,69.209427
10/24/12,69.369133
10/25/12,69.149544
10/26/12,69.229393
10/31/12,69.289276
11/1/12,68.490791
11/2/12,69.069687
11/5/12,68.929955
11/6/12,68.390976
11/7/12,69.948036
11/8/12,70.766495
11/9/12,70.746529
11/12/12,70.666687
11/13/12,70.866302
11/14/12,71.824493
11/15/12,71.9842
11/16/12,71.664803
11/19/12,70.147659
11/20/12,70.087769
11/21/12,69.968002
11/23/12,69.069687
11/26/12,69.129585
11/27/12,69.54879
11/28/12,69.009804
11/29/12,68.630524
11/30/12,68.670456
12/3/12,68.949921
12/4/12,69.089661
12/5/12,68.929955
12/6/12,68.690407
12/7/12,68.51075
12/10/12,68.470818
12/11/12,68.011688
12/12/12,67.971764
12/13/12,68.37101
12/14/12,68.610558
12/17/12,67.772141
12/18/12,67.073456
12/19/12,67.5326
12/20/12,67.153313
12/21/12,67.71225
12/24/12,67.91188
12/26/12,68.311127
12/27/12,68.37101
12/28/12,69.109612
12/31/12,67.931839
1/2/13,66.235046
1/3/13,66.274971
1/4/13,65.975533
1/7/13,66.175156
1/8/13,66.35482
1/9/13,66.195122
1/10/13,65.716011
1/11/13,65.656136
1/14/13,65.735985
1/15/13,65.69606
1/16/13,65.716011
1/17/13,65.296806
1/18/13,65.097191
1/22/13,64.797745
1/23/13,64.677986
1/24/13,64.658012
1/25/13,64.298698
1/28/13,64.37854
1/29/13,64.059143
1/30/13,64.338615
1/31/13,64.498322
2/1/13,63.779678
2/4/13,64.51828
2/5/13,63.879486
2/6/13,63.859524
2/7/13,63.939373
2/8/13,63.600014
2/11/13,63.600014
2/12/13,63.500202
2/13/13,63.440315
2/14/13,63.340504
2/15/13,63.420353
2/19/13,62.96122
2/20/13,63.759712
2/21/13,64.139
2/22/13,63.48024
2/25/13,64.677986
2/26/13,64.278732
2/27/13,63.460278
2/28/13,63.659897
3/1/13,63.360462
3/4/13,63.061028
3/5/13,62.4422
3/6/13,62.342384
3/7/13,62.22261
3/8/13,61.983063
3/11/13,61.763477
3/12/13,61.903214
3/13/13,61.783443
3/14/13,61.44408
3/15/13,61.52393
3/18/13,61.883251
3/19/13,62.022987
3/20/13,61.583817
3/21/13,62.10284
3/22/13,61.623745
3/25/13,61.843323
3/26/13,61.364231
3/27/13,61.364231
3/28/13,61.26442
4/1/13,61.44408
4/2/13,61.124683
4/3/13,61.743515
4/4/13,61.464043
4/5/13,61.723553
4/8/13,61.324306
4/9/13,61.124683
4/10/13,60.366112
4/11/13,60.106606
4/12/13,60.326191
4/15/13,61.643703
4/16/13,60.765362
4/17/13,61.723553
4/18/13,62.04295
4/19/13,61.563854
4/22/13,61.26442
4/23/13,60.605663
4/24/13,60.585701
4/25/13,60.346149
4/26/13,60.426003
4/29/13,60.026756
4/30/13,59.847092
5/1/13,60.40604
5/2/13,59.867058
5/3/13,59.288147
5/6/13,59.068562
5/7/13,58.789093
5/8/13,58.489655
5/9/13,58.689274
5/10/13,58.469696
5/13/13,58.429768
5/14/13,57.810932
5/15/13,57.53146
5/16/13,57.751049
5/17/13,57.232025
5/20/13,57.192101
5/21/13,57.152176
5/22/13,57.551426
5/23/13,57.751049
5/24/13,57.771008
5/28/13,57.41169
5/29/13,57.810932
5/30/13,57.551426
5/31/13,58.429768
6/3/13,58.090408
6/4/13,58.369877
6/5/13,59.188335
6/6/13,58.689274
6/7/13,57.890785
6/10/13,57.890785
6/11/13,58.489655
6/12/13,58.968754
6/13/13,58.090408
6/14/13,58.44973
6/17/13,57.970634
6/18/13,57.551426
6/19/13,58.30999
6/20/13,59.787209
6/21/13,59.587582
6/24/13,60.326191
6/25/13,59.727318
6/26/13,59.168373
6/27/13,58.809052
6/28/13,59.268188
7/1/13,58.689274
7/2/13,58.789093
7/3/13,58.70924
7/5/13,58.090408
7/8/13,57.771008
7/9/13,57.351799
7/10/13,57.331837
7/11/13,56.513382
7/12/13,56.533344
7/15/13,56.273834
7/16/13,56.513382
7/17/13,56.373646
7/18/13,56.034286
7/19/13,55.914513
7/22/13,55.83466
7/23/13,55.954437
7/24/13,56.134098
7/25/13,56.054249
7/26/13,55.9744
7/29/13,56.134098
7/30/13,56.114136
7/31/13,56.114136
8/1/13,55.435417
8/2/13,55.335606
8/5/13,55.395493
8/6/13,55.71489
8/7/13,55.89455
8/8/13,55.694923
8/9/13,55.89455
8/12/13,55.954437
8/13/13,55.734852
8/14/13,56.034286
8/15/13,56.852741
8/16/13,57.01244
8/19/13,57.371761
8/20/13,57.112255
8/21/13,57.471577
8/22/13,56.952557
8/23/13,56.75293
8/26/13,56.932594
8/27/13,57.850857
8/28/13,57.671196
8/29/13,57.591351
8/30/13,57.751049
9/3/13,57.511497
9/4/13,57.01244
9/5/13,56.952557
9/6/13,56.912628
9/9/13,56.333721
9/10/13,55.914513
9/11/13,55.734852
9/12/13,55.874588
9/13/13,55.754814
9/16/13,55.415455
9/17/13,55.195869
9/18/13,54.537109
9/19/13,54.616959
9/20/13,55.036171
9/23/13,55.275719
9/24/13,55.375526
9/25/13,55.535225
9/26/13,55.355564
9/27/13,55.575153
9/30/13,55.914513
10/1/13,55.455379
10/2/13,55.495304
10/3/13,56.034286
10/4/13,55.615078
10/7/13,56.054249
10/8/13,56.732967
10/9/13,56.67308
10/10/13,55.455379
10/11/13,55.076092
10/14/13,54.876472
10/15/13,55.255756
10/16/13,54.477226
10/17/13,54.157822
10/18/13,53.758579
10/21/13,53.758579
10/22/13,53.439182
10/23/13,53.67873
10/24/13,53.519032
10/25/13,53.259521
10/28/13,53.199635
10/29/13,52.9002
10/30/13,53.159706
10/31/13,53.339371
11/1/13,53.199635
11/4/13,53.000008
11/5/13,53.139748
11/6/13,52.920162
11/7/13,53.558956
11/8/13,52.860275
11/11/13,52.860275
11/12/13,52.920162
11/13/13,52.50095
11/14/13,52.241444
11/15/13,51.981934
11/18/13,52.161591
11/19/13,52.301331
11/20/13,52.461029
11/21/13,52.041817
11/22/13,51.802273
11/25/13,51.802273
11/26/13,51.822231
11/27/13,51.702461
11/29/13,51.722424
12/2/13,51.86216
12/3/13,52.061779
12/4/13,52.081741
12/5/13,52.301331
12/6/13,51.702461
12/9/13,51.562725
12/10/13,51.742382
12/11/13,52.341251
12/12/13,52.520912
12/13/13,52.520912
12/16/13,52.201515
12/17/13,52.381176
12/18/13,51.46291
12/19/13,51.502834
12/20/13,51.2034
12/23/13,50.943893
12/24/13,50.824112
12/26/13,50.584568
12/27/13,50.564606
12/30/13,50.564606
12/31/13,50.364979
1/2/14,50.804157
1/3/14,50.86404
1/6/14,50.983814
1/7/14,50.684376
1/8/14,50.644459
1/9/14,50.624493
1/10/14,50.524677
1/13/14,51.143513
1/14/14,50.584568
1/15/14,50.305096
1/16/14,50.384941
1/17/14,50.624493
1/21/14,50.464794
1/22/14,50.404907
1/23/14,50.804157
1/24/14,51.942009
1/27/14,52.181553
1/28/14,51.86216
1/29/14,52.381176
1/30/14,51.742382
1/31/14,52.101707
2/3/14,53.279484
2/4/14,52.920162
2/5/14,52.980049
2/6/14,52.301331
2/7/14,51.582684
2/10/14,51.502834
2/11/14,50.963856
2/12/14,50.884003
2/13/14,50.664417
2/14/14,50.364979
2/18/14,50.285133
2/19/14,50.624493
2/20/14,50.325058
2/21/14,50.384941
2/24/14,50.145397
2/25/14,50.145397
2/26/14,50.145397
2/27/14,49.865925
2/28/14,49.746151
3/3/14,50.085506
3/4/14,49.346901
3/5/14,49.346901
3/6/14,49.227127
3/7/14,49.187202
3/10/14,49.227127
3/11/14,49.446716
3/12/14,49.466675
3/13/14,49.985699
3/14/14,50.125435
3/17/14,49.666298
3/18/14,49.326939
3/19/14,49.56649
3/20/14,49.306976
3/21/14,49.466675
3/24/14,49.68626
3/25/14,49.466675
3/26/14,49.806038
3/27/14,49.925808
3/28/14,49.666298
3/31/14,49.247093
4/1/14,48.90773
4/2/14,48.748032
4/3/14,48.827881
4/4/14,49.406792
4/7/14,49.945774
4/8/14,49.726189
4/9/14,49.187202
4/10/14,50.225243
4/11/14,50.684376
4/14/14,50.285133
4/15/14,49.925808
4/16/14,49.426754
4/17/14,49.346901
4/21/14,49.187202
4/22/14,48.967621
4/23/14,49.047466
4/24/14,48.967621
4/25/14,49.346901
4/28/14,49.207165
4/29/14,48.967621
4/30/14,48.78796
5/1/14,48.807922
5/2/14,48.867805
5/5/14,48.78796
5/6/14,49.187202
5/7/14,48.90773
5/8/14,48.967621
5/9/14,48.887768
5/12/14,48.408672
5/13/14,48.38871
5/14/14,48.588333
5/15/14,49.027504
5/16/14,48.847843
5/19/14,48.688145
5/20/14,48.987583
5/21/14,48.588333
5/22/14,48.448597
5/23/14,48.268936
5/27/14,47.969501
5/28/14,47.989464
5/29/14,47.749916
5/30/14,47.650105
6/2/14,47.61018
6/3/14,47.61018
6/4/14,47.530327
6/5/14,47.21093
6/6/14,47.011307
6/9/14,46.951424
6/10/14,46.931458
6/11/14,47.111122
6/12/14,47.430519
6/13/14,47.290783
6/16/14,47.270821
6/17/14,47.131084
6/18/14,46.751797
6/19/14,46.69191
6/20/14,46.651989
6/23/14,46.651989
6/24/14,46.871574
6/25/14,46.651989
6/26/14,46.731838
6/27/14,46.632027
6/30/14,46.632027
7/1/14,46.332588
7/2/14,46.292664
7/3/14,46.053116
7/7/14,46.192852
7/8/14,46.512249
7/9/14,46.292664
7/10/14,46.512249
7/11/14,46.432404
7/14/14,46.17289
7/15/14,46.252743
7/16/14,46.093044
7/17/14,46.632027
7/18/14,46.152927
7/21/14,46.232777
7/22/14,45.993229
7/23/14,45.933342
7/24/14,45.893417
7/25/14,46.113007
7/28/14,46.132969
7/29/14,46.332588
7/30/14,46.292664
7/31/14,47.21093
8/1/14,47.370628
8/4/14,47.011307
8/5/14,47.470444
8/6/14,47.470444
8/7/14,47.709991
8/8/14,47.171009
8/11/14,47.031273
8/12/14,47.071194
8/13/14,46.751797
8/14/14,46.552177
8/15/14,46.532211
8/18/14,46.132969
8/19/14,45.893417
8/20/14,45.813572
8/21/14,45.673832
8/22/14,45.733719
8/25/14,45.514133
8/26/14,45.434284
8/27/14,45.454247
8/28/14,45.494175
8/29/14,45.354435
9/2/14,45.394356
9/3/14,45.394356
9/4/14,45.514133
9/5/14,45.254623
9/8/14,45.374397
9/9/14,45.673832
9/10/14,45.494175
9/11/14,45.454247
9/12/14,45.713757
9/15/14,45.733719
9/16/14,45.414322
9/17/14,45.334473
9/18/14,45.094925
9/19/14,45.13485
9/22/14,45.474209
9/23/14,45.733719
9/24/14,45.374397
9/25/14,46.093044
9/26/14,45.713757
9/29/14,45.813572
9/30/14,45.933342
10/1/14,46.552177
10/2/14,46.57214
10/3/14,46.053116
10/6/14,46.113007
10/7/14,46.811687
10/8/14,45.97327
10/9/14,46.911495
10/10/14,47.430519
10/13/14,48.209049
10/14/14,48.089279
10/15/14,48.488525
10/16/14,48.528446
10/17/14,47.889652
10/20/14,47.430519
10/21/14,46.512249
10/22/14,46.831646
10/23/14,46.312626
10/24/14,45.97327
10/27/14,45.953308
10/28/14,45.474209
10/29/14,45.554058
10/30/14,45.254623
10/31/14,44.735603
11/3/14,44.715641
11/4/14,44.835411
11/5/14,44.575905
11/6/14,44.39624
11/7/14,44.336353
11/10/14,44.216579
11/11/14,44.156696
11/12/14,44.176655
11/13/14,44.156696
11/14/14,44.156696
11/17/14,44.116772
11/18/14,43.837296
11/19/14,43.917145
11/20/14,43.837296
11/21/14,43.597748
11/24/14,43.49794
11/25/14,43.477978
11/26/14,43.398125
11/28/14,43.477978
12/1/14,43.797375
12/2/14,43.49794
12/3/14,43.318275
12/4/14,43.398125
12/5/14,43.298313
12/8/14,43.597748
12/9/14,43.637676
12/10/14,44.316395
12/11/14,44.096809
12/12/14,44.855373
12/15/14,45.114887
12/16/14,45.474209
12/17/14,44.575905
12/18/14,43.517899
12/19/14,43.238426
12/22/14,43.078728
12/23/14,43.018841
12/24/14,43.038803
12/26/14,42.879105
12/29/14,42.839176
12/30/14,43.038803
12/31/14,43.477978
1/2/15,43.537861
1/5/15,44.256508
1/6/15,44.735603
1/7/15,44.136734
1/8/15,43.378162
1/9/15,43.717525
1/12/15,44.056881
1/13/15,44.216579
1/14/15,44.416206
1/15/15,44.87534
1/16/15,44.27647
1/20/15,44.156696
1/21/15,43.937107
1/22/15,43.298313
1/23/15,43.557827
1/26/15,43.398125
1/27/15,44.01696
1/28/15,44.595867
1/29/15,44.156696
1/30/15,44.675713
2/2/15,44.176655
2/3/15,43.517899
2/4/15,43.697559
2/5/15,43.198502
2/6/15,43.338238
2/9/15,43.557827
2/10/15,43.058765
2/11/15,43.058765
2/12/15,42.659523
2/13/15,42.459896
2/17/15,42.400009
2/18/15,42.400009
2/19/15,42.400009
2/20/15,42.180424
2/23/15,42.160461
2/24/15,42.020725
2/25/15,42.100574
2/26/15,42.140499
2/27/15,42.280235
3/2/15,41.980801
3/3/15,42.160461
3/4/15,42.360081
3/5/15,42.32016
3/6/15,42.879105
3/9/15,42.739368
3/10/15,43.418087
3/11/15,43.517899
3/12/15,42.958958
3/13/15,43.178539
3/16/15,42.619595
3/17/15,42.739368
3/18/15,42.260273
3/19/15,42.459896
3/20/15,42.080608
3/23/15,42.140499
3/24/15,42.419971
3/25/15,42.998878
3/26/15,43.078728
3/27/15,42.998878
3/30/15,42.459896
3/31/15,42.839176
4/1/15,42.978916
4/2/15,42.879105
4/6/15,42.539742
4/7/15,42.659523
4/8/15,42.499825
4/9/15,42.340122
4/10/15,42.100574
4/13/15,42.300198
4/14/15,42.200386
4/15/15,42.000763
4/16/15,42.020725
4/17/15,42.519779
4/20/15,42.140499
4/21/15,42.180424
4/22/15,41.980801
4/23/15,41.880989
4/24/15,41.741253
4/27/15,41.92091
4/28/15,41.80114
4/29/15,41.980801
4/30/15,42.360081
5/1/15,41.960838
5/4/15,41.821102
5/5/15,42.260273
5/6/15,42.439934
5/7/15,42.300198
5/8/15,41.761211
5/11/15,41.92091
5/12/15,42.040688
5/13/15,42.020725
5/14/15,41.601517
5/15/15,41.561592
5/18/15,41.421856
5/19/15,41.421856
5/20/15,41.481743
5/21/15,41.361965
5/22/15,41.441818
5/26/15,41.861023
5/27/15,41.501705
5/28/15,41.521664
5/29/15,41.781174
6/1/15,41.701324
6/2/15,41.781174
6/3/15,41.641441
6/4/15,41.940876
6/5/15,42.060646
6/8/15,42.32016
6/9/15,42.300198
6/10/15,41.841061
6/11/15,41.661404
6/12/15,41.980801
6/15/15,42.200386
6/16/15,41.960838
6/17/15,41.880989
6/18/15,41.461777
6/19/15,41.701324
6/22/15,41.401894
6/23/15,41.381927
6/24/15,41.661404
6/25/15,41.781174
6/26/15,41.781174
6/29/15,42.679478
6/30/15,42.599632
7/1/15,42.260273
7/2/15,42.300198
7/6/15,42.419971
7/7/15,42.160461
7/8/15,42.859138
7/9/15,42.779293
7/10/15,42.220345
7/13/15,41.781174
7/14/15,41.561592
7/15/15,41.601517
7/16/15,41.28212
7/17/15,41.242191
7/20/15,41.182304
7/21/15,41.342003
7/22/15,41.441818
7/23/15,41.681362
7/24/15,42.100574
7/27/15,42.360081
7/28/15,41.821102
7/29/15,41.541626
7/30/15,41.521664
7/31/15,41.561592
8/3/15,41.721291
8/4/15,41.80114
8/5/15,41.641441
8/6/15,41.960838
8/7/15,42.080608
8/10/15,41.561592
8/11/15,41.92091
8/12/15,41.880989
8/13/15,41.940876
8/14/15,41.761211
8/17/15,41.561592
8/18/15,41.681362
8/19/15,41.980801
8/20/15,42.879105
8/21/15,44.236542
8/24/15,46.113007
8/25/15,46.592098
8/26/15,44.79549
8/27/15,43.657639
8/28/15,43.637676
8/31/15,44.01696
9/1/15,45.394356
9/2/15,44.496056
9/3/15,44.456131
9/4/15,45.154812
9/8/15,43.977036
9/9/15,44.595867
9/10/15,44.296432
9/11/15,44.116772
9/14/15,44.316395
9/15/15,43.697559
9/16/15,43.338238
9/17/15,43.438049
9/18/15,44.176655
9/21/15,43.937107
9/22/15,44.496056
9/23/15,44.575905
9/24/15,44.715641
9/25/15,44.715641
9/28/15,45.833527
9/29/15,45.813572
9/30/15,44.935223
10/1/15,44.87534
10/2/15,44.196617
10/5/15,43.398125
10/6/15,43.537861
10/7/15,43.138615
10/8/15,42.759331
10/9/15,42.719406
10/12/15,42.659523
10/13/15,42.958958
10/14/15,43.178539
10/15/15,42.519779
10/16/15,42.360081
10/19/15,42.280235
10/20/15,42.340122
10/21/15,42.639561
10/22/15,41.880989
10/23/15,41.401894
10/26/15,41.521664
10/27/15,41.621475
10/28/15,41.162342
10/29/15,41.122421
10/30/15,41.322041
11/2/15,40.862907
11/3/15,40.743134
11/4/15,40.842945
11/5/15,40.88287
11/6/15,40.88287
11/9/15,41.262157
11/10/15,41.202267
11/11/15,41.342003
11/12/15,41.900951
11/13/15,42.360081
11/16/15,41.761211
11/17/15,41.821102
11/18/15,41.082493
11/19/15,41.142384
11/20/15,40.962723
11/23/15,41.022606
11/24/15,41.002644
11/25/15,40.982685
11/27/15,40.94276
11/30/15,41.102459
12/1/15,40.683247
12/2/15,41.122421
12/3/15,41.681362
12/4/15,40.88287
12/7/15,41.102459
12/8/15,41.421856
12/9/15,41.721291
12/10/15,41.621475
12/11/15,42.419971
12/14/15,42.200386
12/15/15,41.741253
12/16/15,41.182304
12/17/15,41.781174
12/18/15,42.519779
12/21/15,42.180424
12/22/15,41.821102
12/23/15,41.302082
12/24/15,41.401894
12/28/15,41.441818
12/29/15,41.002644
12/30/15,41.262157
12/31/15,41.661404
1/4/16,42.300198
1/5/16,42.180424
1/6/16,42.779293
1/7/16,43.757446
1/8/16,44.236542
1/11/16,44.236542
1/12/16,43.797375
1/13/16,44.975151
1/14/16,44.196617
1/15/16,45.114887
1/19/16,45.094925
1/20/16,45.653873
1/21/16,45.434284
1/22/16,44.496056
1/25/16,45.174774
1/26/16,44.496056
1/27/16,44.975151
1/28/16,44.775528
1/29/16,43.717525
2/1/16,43.737484
2/2/16,44.516014
2/3/16,44.196617
2/4/16,44.176655
2/5/16,44.995113
2/8/16,45.653873
2/9/16,45.613945
2/10/16,45.613945
2/11/16,46.17289
2/12/16,45.274586
2/16/16,44.535976
2/17/16,43.757446
2/18/16,43.957073
2/19/16,44.01696
2/22/16,43.298313
2/23/16,43.897182
2/24/16,43.677597
2/25/16,43.118652
2/26/16,43.218464
2/29/16,43.61771
3/1/16,42.539742
3/2/16,42.360081
3/3/16,42.200386
3/4/16,42.100574
3/7/16,42.040688
3/8/16,42.519779
3/9/16,42.280235
3/10/16,42.240307
3/11/16,41.561592
3/14/16,41.601517
3/15/16,41.681362
3/16/16,41.441818
3/17/16,41.182304
3/18/16,41.022606
3/21/16,40.962723
3/22/16,40.982685
3/23/16,41.222229
3/24/16,41.242191
3/28/16,41.202267
3/29/16,40.862907
3/30/16,40.683247
3/31/16,40.743134
4/1/16,40.523548
4/4/16,40.663288
4/5/16,41.002644
4/6/16,40.583435
4/7/16,41.062531
4/8/16,40.94276
4/11/16,41.042568
4/12/16,40.683247
4/13/16,40.264038
4/14/16,40.264038
4/15/16,40.303963
4/18/16,40.004528
4/19/16,39.904716
4/20/16,39.884754
4/21/16,40.044453
4/22/16,40.02449
4/25/16,40.144264
4/26/16,40.044453
4/27/16,39.964603
4/28/16,40.36385
4/29/16,40.54351
5/2/16,40.224113
5/3/16,40.603397
5/4/16,40.803024
5/5/16,40.822987
5/6/16,40.683247
5/9/16,40.663288
5/10/16,40.164227
5/11/16,40.523548
5/12/16,40.54351
5/13/16,40.88287
5/16/16,40.463661
5/17/16,40.842945
5/18/16,40.783058
5/19/16,40.94276
5/20/16,40.663288
5/23/16,40.783058
5/24/16,40.204151
5/25/16,39.944641
5/26/16,39.964603
5/27/16,39.784943
5/31/16,39.784943
6/1/16,39.745018
6/2/16,39.645206
6/3/16,39.745018
6/6/16,39.545391
6/7/16,39.485512
6/8/16,39.345768
6/9/16,39.465546
6/10/16,39.76498
6/13/16,40.044453
6/14/16,40.184189
6/15/16,40.204151
6/16/16,40.084377
6/17/16,40.204151
6/20/16,39.964603
6/21/16,39.864792
6/22/16,39.984566
6/23/16,39.425621
6/24/16,40.862907
6/27/16,41.571571
6/28/16,40.803024
6/29/16,40.10434
6/30/16,39.58532
7/1/16,39.495487
7/5/16,39.77496
7/6/16,39.535416
7/7/16,39.535416
7/8/16,38.946526
7/11/16,38.816765
7/12/16,38.577221
7/13/16,38.557259
7/14/16,38.367615
7/15/16,38.367615
7/18/16,38.287766
7/19/16,38.327694
7/20/16,38.13805
7/21/16,38.297749
7/22/16,38.13805
7/25/16,38.227879
7/26/16,38.217899
7/27/16,38.257824
7/28/16,38.197937
7/29/16,38.128071
8/1/16,38.207916
8/2/16,38.417522
8/3/16,38.287766
8/4/16,38.277782
8/5/16,37.958385
8/8/16,37.988331
8/9/16,37.978348
8/10/16,38.058201
8/11/16,37.858578
8/12/16,37.898502
8/15/16,37.788712
8/16/16,37.968372
8/17/16,37.938423
8/18/16,37.808674
8/19/16,37.868557
8/22/16,37.888519
8/23/16,37.818649
8/24/16,37.998314
8/25/16,38.048218
8/26/16,38.098122
8/29/16,37.908482
8/30/16,37.978348
8/31/16,38.108109
9/1/16,38.108109
9/2/16,37.888519
9/6/16,37.788712
9/7/16,37.778725
9/8/16,37.868557
9/9/16,38.786827
9/12/16,38.247841
9/13/16,38.756886
9/14/16,38.786827
9/15/16,38.387577
9/16/16,38.567242
9/19/16,38.557259
9/20/16,38.547276
9/21/16,38.13805
9/22/16,37.858578
9/23/16,38.06818
9/26/16,38.39756
9/27/16,38.177975
9/28/16,37.938423
9/29/16,38.287766
9/30/16,37.998314
10/3/16,38.13805
10/4/16,38.297749
10/5/16,38.128071
10/6/16,38.088142
10/7/16,38.217899
10/10/16,38.028255
10/11/16,38.497372
10/12/16,38.457447
10/13/16,38.5872
10/14/16,38.557259
10/17/16,38.677032
10/18/16,38.457447
10/19/16,38.357635
10/20/16,38.427505
10/21/16,38.417522
10/24/16,38.257824
10/25/16,38.357635
10/26/16,38.447464
10/27/16,38.557259
10/28/16,38.667053
10/31/16,38.65707
11/1/16,38.956505
11/2/16,39.166111
11/3/16,39.325813
11/4/16,39.405659
11/7/16,38.537296
11/8/16,38.327694
11/9/16,37.938423
11/10/16,37.868557
11/11/16,37.918465
11/14/16,37.898502
11/15/16,37.589085
11/16/16,37.658951
11/17/16,37.47929
11/18/16,37.579105
11/21/16,37.299633
11/22/16,37.229759
11/23/16,37.179855
11/25/16,37.050102
11/28/16,37.209801
11/29/16,37.159893
11/30/16,37.239746
12/1/16,37.379482
12/2/16,37.359516
12/5/16,37.139935
12/6/16,37.03014
12/7/16,36.551041
12/8/16,36.461212
12/9/16,36.211681
12/12/16,36.271572
12/13/16,36.032021
12/14/16,36.311497
12/15/16,36.171757
12/16/16,36.221668
12/19/16,36.171757
12/20/16,36.032021
12/21/16,36.111874
12/22/16,36.171757
12/23/16,36.131836
12/27/16,36.042004
12/28/16,36.351418
12/29/16,36.351418
12/30/16,36.471191
1/3/17,36.221668
1/4/17,36.012062
1/5/17,36.032021
1/6/17,35.872322
1/9/17,35.9921
1/10/17,36.002079
1/11/17,35.912247
1/12/17,36.002079
1/13/17,35.932209
1/17/17,36.042004
1/18/17,35.962151
1/19/17,36.081932
1/20/17,35.972137
1/23/17,36.06197
1/24/17,35.842381
1/25/17,35.522984
1/26/17,35.552925
1/27/17,35.612812
1/30/17,35.822414
1/31/17,35.822414
2/1/17,35.842381
2/2/17,35.812439
2/3/17,35.552925
2/6/17,35.622795
2/7/17,35.622795
2/8/17,35.562908
2/9/17,35.353302
2/10/17,35.233528
2/13/17,35.053867
2/14/17,34.88419
2/15/17,34.724491
2/16/17,34.74445
2/17/17,34.694542
2/21/17,34.47496
2/22/17,34.504902
2/23/17,34.494926
2/24/17,34.435036
2/27/17,34.375145
2/28/17,34.48494
3/1/17,33.995865
3/2/17,34.205467
3/3/17,34.195488
3/6/17,34.275337
3/7/17,34.385132
3/8/17,34.47496
3/9/17,34.435036
3/10/17,34.305279
3/13/17,34.275337
3/14/17,34.405094
3/15/17,34.115639
3/16/17,34.185505
3/17/17,34.245396
3/20/17,34.285313
3/21/17,34.704529
3/22/17,34.654625
3/23/17,34.674583
3/24/17,34.684566
3/27/17,34.74445
3/28/17,34.494926
3/29/17,34.454998
3/30/17,34.345203
3/31/17,34.425056
4/3/17,34.47496
4/4/17,34.464977
4/5/17,34.564793
4/6/17,34.494926
4/7/17,34.514885
4/10/17,34.504902
4/11/17,34.524868
4/12/17,34.684566
4/13/17,34.914131
4/17/17,34.604713
4/18/17,34.704529
4/19/17,34.764416
4/20/17,34.514885
4/21/17,34.604713
4/24/17,34.245396
4/25/17,34.025806
4/26/17,34.035789
4/27/17,34.025806
4/28/17,34.105656
5/1/17,34.015827
5/2/17,33.995865
5/3/17,34.045769
5/4/17,34.005844
5/5/17,33.876091
5/8/17,33.866108
5/9/17,33.916012
5/10/17,33.856125
5/11/17,33.925999
5/12/17,33.975903
5/15/17,33.806221
5/16/17,33.826183
5/17/17,34.425056
5/18/17,34.305279
5/19/17,34.07571
5/22/17,33.896053
5/23/17,33.836166
5/24/17,33.746334
5/25/17,33.586636
5/26/17,33.596619
5/30/17,33.606598
5/31/17,33.636543
6/1/17,33.377029
6/2/17,33.257259
6/5/17,33.277222
6/6/17,33.377029
6/7/17,33.327126
6/8/17,33.307163
6/9/17,33.357067
6/12/17,33.367054
6/13/17,33.217331
6/14/17,33.257259
6/15/17,33.327126
6/16/17,33.317142
6/19/17,33.03767
6/20/17,33.257259
6/21/17,33.287197
6/22/17,33.297184
6/23/17,33.257259
6/26/17,33.247276
6/27/17,33.486824
6/28/17,33.217331
6/29/17,33.496807
6/30/17,33.43692
7/3/17,33.367054
7/5/17,33.317142
7/6/17,33.606598
7/7/17,33.396992
7/10/17,33.367054
7/11/17,33.387012
7/12/17,33.137486
7/13/17,33.077595
7/14/17,32.937859
7/17/17,32.937859
7/18/17,32.927879
7/19/17,32.738235
7/20/17,32.748219
7/21/17,32.758198
7/24/17,32.768185
7/25/17,32.688332
7/26/17,32.688332
7/27/17,32.728256
7/28/17,32.77816
7/31/17,32.798126
8/1/17,32.728256
8/2/17,32.698307
8/3/17,32.758198
8/4/17,32.718273
8/7/17,32.668365
8/8/17,32.738235
8/9/17,32.738235
8/10/17,33.187389
8/11/17,33.167427
8/14/17,32.828068
8/15/17,32.828068
8/16/17,32.788139
8/17/17,33.287197
8/18/17,33.347088
8/21/17,33.327126
8/22/17,32.987766
8/23/17,33.117523
8/24/17,33.167427
8/25/17,33.117523
8/28/17,33.107536
8/29/17,33.077595
8/30/17,32.897934
8/31/17,32.728256
9/1/17,32.648403
9/5/17,32.907921
9/6/17,32.788139
9/7/17,32.798126
9/8/17,32.838051
9/11/17,32.498692
9/12/17,32.388897
9/13/17,32.358952
9/14/17,32.378914
9/15/17,32.329006
9/18/17,32.289082
9/19/17,32.239178
9/20/17,32.239178
9/21/17,32.319027
9/22/17,32.309048
9/25/17,32.368935
9/26/17,32.358952
9/27/17,32.249161
9/28/17,32.209232
9/29/17,32.109421
10/2/17,31.949722
10/3/17,31.899818
10/4/17,31.859894
10/5/17,31.660271
10/6/17,31.700195
10/9/17,31.750101
10/10/17,31.680231
10/11/17,31.620346
10/12/17,31.680231
10/13/17,31.640308
10/16/17,31.590403
10/17/17,31.580421
10/18/17,31.560459
10/19/17,31.550478
10/20/17,31.380796
10/23/17,31.50057
10/24/17,31.460646
10/25/17,31.600382
10/26/17,31.570438
10/27/17,31.31093
10/30/17,31.430704
10/31/17,31.380796
11/1/17,31.350855
11/2/17,31.330891
11/3/17,31.24106
11/6/17,31.191154
11/7/17,31.211119
11/8/17,31.161211
11/9/17,31.271004
11/10/17,31.290968
11/13/17,31.261023
11/14/17,31.32091
11/15/17,31.490589
11/16/17,31.2211
11/17/17,31.31093
11/20/17,31.271004
11/21/17,31.05142
11/22/17,31.081362
11/24/17,31.031456
11/27/17,31.031456
11/28/17,30.732021
11/29/17,30.742002
11/30/17,30.492472
12/1/17,30.542381
12/4/17,30.592285
12/5/17,30.692097
12/6/17,30.692097
12/7/17,30.592285
12/8/17,30.432587
12/11/17,30.332773
12/12/17,30.282869
12/13/17,30.29285